timestamp,symbol,bid,ask
2024-08-04 16:14:49.428738,AAPL,152.97,153.88
2024-08-04 16:14:50.428738,AAPL,150.21,151.13
2024-08-04 16:14:51.428738,AAPL,151.5,152.46
2024-08-04 16:14:52.428738,AAPL,153.97,154.88
2024-08-04 16:14:53.428738,AAPL,153.22,154.23
2024-08-04 16:14:54.428738,AAPL,147.53,148.48
2024-08-04 16:14:55.428738,AAPL,151.35,152.32
2024-08-04 16:14:56.428738,AAPL,149.38,150.15
2024-08-04 16:14:57.428738,AAPL,149.29,150.36
2024-08-04 16:14:58.428738,AAPL,150.3,151.41
2024-08-04 16:14:59.428738,AAPL,149.89,150.83
2024-08-04 16:15:00.428738,AAPL,152.24,153.31
2024-08-04 16:15:01.428738,AAPL,151.0,152.08
2024-08-04 16:15:02.428738,AAPL,149.58,150.81
2024-08-04 16:15:03.428738,AAPL,150.47,151.42
2024-08-04 16:15:04.428738,AAPL,150.26,151.11
2024-08-04 16:15:05.428738,AAPL,152.47,153.56
2024-08-04 16:15:06.428738,AAPL,149.26,150.13
2024-08-04 16:15:07.428738,AAPL,150.11,150.82
2024-08-04 16:15:08.428738,AAPL,147.78,148.85
2024-08-04 16:15:09.428738,AAPL,144.29,145.2
2024-08-04 16:15:10.428738,AAPL,150.74,151.88
2024-08-04 16:15:11.428738,AAPL,151.27,152.21
2024-08-04 16:15:12.428738,AAPL,148.13,149.14
2024-08-04 16:15:13.428738,AAPL,153.87,155.03
2024-08-04 16:15:14.428738,AAPL,146.67,147.5
2024-08-04 16:15:15.428738,AAPL,149.69,150.58
2024-08-04 16:15:16.428738,AAPL,149.24,150.24
2024-08-04 16:15:17.428738,AAPL,152.46,153.57
2024-08-04 16:15:18.428738,AAPL,152.49,153.43
2024-08-04 16:15:19.428738,AAPL,149.89,150.88
2024-08-04 16:15:20.428738,AAPL,150.25,151.28
2024-08-04 16:15:21.428738,AAPL,147.74,148.72
2024-08-04 16:15:22.428738,AAPL,145.61,146.68
2024-08-04 16:15:23.428738,AAPL,148.72,149.96
2024-08-04 16:15:24.428738,AAPL,149.7,150.87
2024-08-04 16:15:25.428738,AAPL,151.86,152.93
2024-08-04 16:15:26.428738,AAPL,151.82,153.05
2024-08-04 16:15:27.428738,AAPL,148.69,149.85
2024-08-04 16:15:28.428738,AAPL,149.08,149.97
2024-08-04 16:15:29.428738,AAPL,147.23,148.28
2024-08-04 16:15:30.428738,AAPL,146.63,147.67
2024-08-04 16:15:31.428738,AAPL,146.03,147.02
2024-08-04 16:15:32.428738,AAPL,153.29,154.38
2024-08-04 16:15:33.428738,AAPL,148.34,149.5
2024-08-04 16:15:34.428738,AAPL,148.58,149.63
2024-08-04 16:15:35.428738,AAPL,146.95,147.94
2024-08-04 16:15:36.428738,AAPL,151.11,152.18
2024-08-04 16:15:37.428738,AAPL,146.27,147.1
2024-08-04 16:15:38.428738,AAPL,149.16,150.14
2024-08-04 16:15:39.428738,AAPL,147.78,148.52
2024-08-04 16:15:40.428738,AAPL,150.36,151.31
2024-08-04 16:15:41.428738,AAPL,148.5,149.39
2024-08-04 16:15:42.428738,AAPL,147.04,148.23
2024-08-04 16:15:43.428738,AAPL,149.12,150.45
2024-08-04 16:15:44.428738,AAPL,150.34,151.38
2024-08-04 16:15:45.428738,AAPL,149.76,150.53
2024-08-04 16:15:46.428738,AAPL,149.97,151.03
2024-08-04 16:15:47.428738,AAPL,148.26,149.25
2024-08-04 16:15:48.428738,AAPL,148.84,149.83
2024-08-04 16:15:49.428738,AAPL,148.14,149.45
2024-08-04 16:15:50.428738,AAPL,148.9,149.8
2024-08-04 16:15:51.428738,AAPL,147.85,148.97
2024-08-04 16:15:52.428738,AAPL,146.06,146.89
2024-08-04 16:15:53.428738,AAPL,149.84,150.72
2024-08-04 16:15:54.428738,AAPL,148.66,149.66
2024-08-04 16:15:55.428738,AAPL,146.23,147.12
2024-08-04 16:15:56.428738,AAPL,150.43,151.58
2024-08-04 16:15:57.428738,AAPL,147.66,148.65
2024-08-04 16:15:58.428738,AAPL,149.56,150.74
2024-08-04 16:15:59.428738,AAPL,151.06,152.11
2024-08-04 16:16:00.428738,AAPL,149.9,150.76
2024-08-04 16:16:01.428738,AAPL,151.79,152.83
2024-08-04 16:16:02.428738,AAPL,147.17,148.02
2024-08-04 16:16:03.428738,AAPL,150.29,151.35
2024-08-04 16:16:04.428738,AAPL,148.04,149.18
2024-08-04 16:16:05.428738,AAPL,147.7,148.75
2024-08-04 16:16:06.428738,AAPL,148.44,149.39
2024-08-04 16:16:07.428738,AAPL,148.97,150.05
2024-08-04 16:16:08.428738,AAPL,149.58,150.68
2024-08-04 16:16:09.428738,AAPL,147.21,148.2
2024-08-04 16:16:10.428738,AAPL,151.33,152.31
2024-08-04 16:16:11.428738,AAPL,150.37,151.33
2024-08-04 16:16:12.428738,AAPL,146.53,147.33
2024-08-04 16:16:13.428738,AAPL,152.52,153.51
2024-08-04 16:16:14.428738,AAPL,153.37,154.15
2024-08-04 16:16:15.428738,AAPL,151.96,152.78
2024-08-04 16:16:16.428738,AAPL,149.23,150.27
2024-08-04 16:16:17.428738,AAPL,147.29,148.55
2024-08-04 16:16:18.428738,AAPL,151.6,152.44
2024-08-04 16:16:19.428738,AAPL,148.78,149.85
2024-08-04 16:16:20.428738,AAPL,151.96,152.92
2024-08-04 16:16:21.428738,AAPL,150.08,150.92
2024-08-04 16:16:22.428738,AAPL,151.52,152.44
2024-08-04 16:16:23.428738,AAPL,150.0,151.32
2024-08-04 16:16:24.428738,AAPL,150.92,151.75
2024-08-04 16:16:25.428738,AAPL,149.45,150.57
2024-08-04 16:16:26.428738,AAPL,153.08,153.98
2024-08-04 16:16:27.428738,AAPL,149.72,150.81
2024-08-04 16:16:28.428738,AAPL,150.23,151.45
2024-08-04 16:16:29.428738,AAPL,153.38,154.27
2024-08-04 16:16:30.428738,AAPL,146.8,147.84
2024-08-04 16:16:31.428738,AAPL,146.8,148.0
2024-08-04 16:16:32.428738,AAPL,151.52,152.36
2024-08-04 16:16:33.428738,AAPL,147.21,148.3
2024-08-04 16:16:34.428738,AAPL,153.42,154.56
2024-08-04 16:16:35.428738,AAPL,148.64,149.74
2024-08-04 16:16:36.428738,AAPL,147.96,149.02
2024-08-04 16:16:37.428738,AAPL,153.22,154.3
2024-08-04 16:16:38.428738,AAPL,152.41,153.4
2024-08-04 16:16:39.428738,AAPL,153.25,154.41
2024-08-04 16:16:40.428738,AAPL,151.18,152.45
2024-08-04 16:16:41.428738,AAPL,147.71,148.77
2024-08-04 16:16:42.428738,AAPL,153.47,154.16
2024-08-04 16:16:43.428738,AAPL,148.71,149.68
2024-08-04 16:16:44.428738,AAPL,150.92,151.99
2024-08-04 16:16:45.428738,AAPL,151.41,152.38
2024-08-04 16:16:46.428738,AAPL,149.15,150.33
2024-08-04 16:16:47.428738,AAPL,150.6,151.66
2024-08-04 16:16:48.428738,AAPL,151.36,152.39
2024-08-04 16:16:49.428738,AAPL,150.18,151.38
2024-08-04 16:16:50.428738,AAPL,147.19,148.31
2024-08-04 16:16:51.428738,AAPL,150.2,151.09
2024-08-04 16:16:52.428738,AAPL,152.21,153.02
2024-08-04 16:16:53.428738,AAPL,148.02,148.99
2024-08-04 16:16:54.428738,AAPL,149.15,150.24
2024-08-04 16:16:55.428738,AAPL,148.54,149.61
2024-08-04 16:16:56.428738,AAPL,153.21,154.21
2024-08-04 16:16:57.428738,AAPL,150.87,151.84
2024-08-04 16:16:58.428738,AAPL,150.51,151.38
2024-08-04 16:16:59.428738,AAPL,148.07,148.88
2024-08-04 16:17:00.428738,AAPL,150.58,151.55
2024-08-04 16:17:01.428738,AAPL,148.07,149.34
2024-08-04 16:17:02.428738,AAPL,149.51,150.48
2024-08-04 16:17:03.428738,AAPL,148.24,149.2
2024-08-04 16:17:04.428738,AAPL,150.88,151.79
2024-08-04 16:17:05.428738,AAPL,150.63,151.69
2024-08-04 16:17:06.428738,AAPL,149.07,150.18
2024-08-04 16:17:07.428738,AAPL,150.15,151.24
2024-08-04 16:17:08.428738,AAPL,147.3,148.27
2024-08-04 16:17:09.428738,AAPL,146.67,147.49
2024-08-04 16:17:10.428738,AAPL,150.51,151.43
2024-08-04 16:17:11.428738,AAPL,149.68,150.76
2024-08-04 16:17:12.428738,AAPL,150.89,151.73
2024-08-04 16:17:13.428738,AAPL,154.19,155.03
2024-08-04 16:17:14.428738,AAPL,151.42,152.25
2024-08-04 16:17:15.428738,AAPL,147.69,148.66
2024-08-04 16:17:16.428738,AAPL,151.74,152.82
2024-08-04 16:17:17.428738,AAPL,146.75,147.9
2024-08-04 16:17:18.428738,AAPL,148.6,149.47
2024-08-04 16:17:19.428738,AAPL,149.36,150.22
2024-08-04 16:17:20.428738,AAPL,153.08,153.95
2024-08-04 16:17:21.428738,AAPL,147.99,148.84
2024-08-04 16:17:22.428738,AAPL,147.8,148.96
2024-08-04 16:17:23.428738,AAPL,149.28,150.31
2024-08-04 16:17:24.428738,AAPL,148.03,149.01
2024-08-04 16:17:25.428738,AAPL,151.74,152.65
2024-08-04 16:17:26.428738,AAPL,147.31,148.27
2024-08-04 16:17:27.428738,AAPL,147.05,148.13
2024-08-04 16:17:28.428738,AAPL,148.78,149.47
2024-08-04 16:17:29.428738,AAPL,148.55,149.41
2024-08-04 16:17:30.428738,AAPL,153.22,154.29
2024-08-04 16:17:31.428738,AAPL,151.31,152.33
2024-08-04 16:17:32.428738,AAPL,149.61,150.79
2024-08-04 16:17:33.428738,AAPL,146.97,148.06
2024-08-04 16:17:34.428738,AAPL,151.16,152.09
2024-08-04 16:17:35.428738,AAPL,147.34,148.47
2024-08-04 16:17:36.428738,AAPL,146.37,147.32
2024-08-04 16:17:37.428738,AAPL,151.86,152.85
2024-08-04 16:17:38.428738,AAPL,150.11,151.22
2024-08-04 16:17:39.428738,AAPL,151.32,152.37
2024-08-04 16:17:40.428738,AAPL,150.26,151.37
2024-08-04 16:17:41.428738,AAPL,151.13,152.25
2024-08-04 16:17:42.428738,AAPL,148.21,149.11
2024-08-04 16:17:43.428738,AAPL,147.25,148.51
2024-08-04 16:17:44.428738,AAPL,150.87,151.97
2024-08-04 16:17:45.428738,AAPL,147.85,149.0
2024-08-04 16:17:46.428738,AAPL,148.1,149.01
2024-08-04 16:17:47.428738,AAPL,148.65,149.58
2024-08-04 16:17:48.428738,AAPL,149.43,150.64
2024-08-04 16:17:49.428738,AAPL,148.6,149.62
2024-08-04 16:17:50.428738,AAPL,146.75,147.7
2024-08-04 16:17:51.428738,AAPL,148.24,149.07
2024-08-04 16:17:52.428738,AAPL,145.09,145.96
2024-08-04 16:17:53.428738,AAPL,150.94,151.65
2024-08-04 16:17:54.428738,AAPL,146.32,147.43
2024-08-04 16:17:55.428738,AAPL,147.26,148.27
2024-08-04 16:17:56.428738,AAPL,149.49,150.51
2024-08-04 16:17:57.428738,AAPL,147.92,148.92
2024-08-04 16:17:58.428738,AAPL,152.63,153.6
2024-08-04 16:17:59.428738,AAPL,146.94,147.91
2024-08-04 16:18:00.428738,AAPL,149.92,151.16
2024-08-04 16:18:01.428738,AAPL,149.44,150.47
2024-08-04 16:18:02.428738,AAPL,147.21,148.02
2024-08-04 16:18:03.428738,AAPL,150.41,151.49
2024-08-04 16:18:04.428738,AAPL,149.06,150.27
2024-08-04 16:18:05.428738,AAPL,151.04,151.98
2024-08-04 16:18:06.428738,AAPL,151.21,152.32
2024-08-04 16:18:07.428738,AAPL,154.03,154.72
2024-08-04 16:18:08.428738,AAPL,152.11,153.23
2024-08-04 16:18:09.428738,AAPL,148.85,149.67
2024-08-04 16:18:10.428738,AAPL,149.22,149.97
2024-08-04 16:18:11.428738,AAPL,151.54,152.81
2024-08-04 16:18:12.428738,AAPL,150.75,151.8
2024-08-04 16:18:13.428738,AAPL,150.89,151.86
2024-08-04 16:18:14.428738,AAPL,146.39,147.32
2024-08-04 16:18:15.428738,AAPL,149.36,150.53
2024-08-04 16:18:16.428738,AAPL,148.11,148.93
2024-08-04 16:18:17.428738,AAPL,149.93,151.04
2024-08-04 16:18:18.428738,AAPL,149.24,150.34
2024-08-04 16:18:19.428738,AAPL,151.27,152.24
2024-08-04 16:18:20.428738,AAPL,150.09,151.29
2024-08-04 16:18:21.428738,AAPL,151.05,151.99
2024-08-04 16:18:22.428738,AAPL,148.48,149.54
2024-08-04 16:18:23.428738,AAPL,147.66,148.51
2024-08-04 16:18:24.428738,AAPL,148.67,149.47
2024-08-04 16:18:25.428738,AAPL,149.39,150.65
2024-08-04 16:18:26.428738,AAPL,150.2,151.24
2024-08-04 16:18:27.428738,AAPL,154.14,154.98
2024-08-04 16:18:28.428738,AAPL,149.47,150.4
2024-08-04 16:18:29.428738,AAPL,147.56,148.73
2024-08-04 16:18:30.428738,AAPL,148.85,149.71
2024-08-04 16:18:31.428738,AAPL,148.39,149.64
2024-08-04 16:18:32.428738,AAPL,150.5,151.42
2024-08-04 16:18:33.428738,AAPL,146.44,147.36
2024-08-04 16:18:34.428738,AAPL,149.55,150.69
2024-08-04 16:18:35.428738,AAPL,149.78,150.91
2024-08-04 16:18:36.428738,AAPL,149.97,150.91
2024-08-04 16:18:37.428738,AAPL,148.39,149.23
2024-08-04 16:18:38.428738,AAPL,148.99,149.9
2024-08-04 16:18:39.428738,AAPL,146.55,147.76
2024-08-04 16:18:40.428738,AAPL,148.46,149.45
2024-08-04 16:18:41.428738,AAPL,148.49,149.23
2024-08-04 16:18:42.428738,AAPL,150.16,151.47
2024-08-04 16:18:43.428738,AAPL,147.33,148.05
2024-08-04 16:18:44.428738,AAPL,151.22,152.14
2024-08-04 16:18:45.428738,AAPL,152.39,153.51
2024-08-04 16:18:46.428738,AAPL,145.34,146.39
2024-08-04 16:18:47.428738,AAPL,150.4,151.29
2024-08-04 16:18:48.428738,AAPL,150.96,151.89
2024-08-04 16:18:49.428738,AAPL,148.0,149.06
2024-08-04 16:18:50.428738,AAPL,148.7,149.77
2024-08-04 16:18:51.428738,AAPL,149.18,150.39
2024-08-04 16:18:52.428738,AAPL,148.87,149.99
2024-08-04 16:18:53.428738,AAPL,148.84,149.68
2024-08-04 16:18:54.428738,AAPL,146.1,147.05
2024-08-04 16:18:55.428738,AAPL,151.73,152.78
2024-08-04 16:18:56.428738,AAPL,151.7,152.71
2024-08-04 16:18:57.428738,AAPL,147.9,148.86
2024-08-04 16:18:58.428738,AAPL,146.74,147.52
2024-08-04 16:18:59.428738,AAPL,150.62,151.6
2024-08-04 16:19:00.428738,AAPL,148.32,149.47
2024-08-04 16:19:01.428738,AAPL,149.68,150.76
2024-08-04 16:19:02.428738,AAPL,148.8,149.93
2024-08-04 16:19:03.428738,AAPL,150.91,151.62
2024-08-04 16:19:04.428738,AAPL,151.02,151.8
2024-08-04 16:19:05.428738,AAPL,148.33,149.02
2024-08-04 16:19:06.428738,AAPL,146.61,147.68
2024-08-04 16:19:07.428738,AAPL,146.39,147.36
2024-08-04 16:19:08.428738,AAPL,150.76,151.82
2024-08-04 16:19:09.428738,AAPL,147.11,148.17
2024-08-04 16:19:10.428738,AAPL,148.63,149.43
2024-08-04 16:19:11.428738,AAPL,148.34,149.16
2024-08-04 16:19:12.428738,AAPL,149.19,150.45
2024-08-04 16:19:13.428738,AAPL,145.58,146.45
2024-08-04 16:19:14.428738,AAPL,149.84,150.95
2024-08-04 16:19:15.428738,AAPL,150.71,151.53
2024-08-04 16:19:16.428738,AAPL,149.46,150.56
2024-08-04 16:19:17.428738,AAPL,149.02,149.91
2024-08-04 16:19:18.428738,AAPL,149.5,150.69
2024-08-04 16:19:19.428738,AAPL,150.51,151.3
2024-08-04 16:19:20.428738,AAPL,143.81,144.94
2024-08-04 16:19:21.428738,AAPL,153.25,154.45
2024-08-04 16:19:22.428738,AAPL,150.36,151.37
2024-08-04 16:19:23.428738,AAPL,148.16,149.25
2024-08-04 16:19:24.428738,AAPL,148.67,149.82
2024-08-04 16:19:25.428738,AAPL,150.57,151.49
2024-08-04 16:19:26.428738,AAPL,149.41,150.43
2024-08-04 16:19:27.428738,AAPL,145.57,146.5
2024-08-04 16:19:28.428738,AAPL,153.58,154.58
2024-08-04 16:19:29.428738,AAPL,149.29,150.17
2024-08-04 16:19:30.428738,AAPL,151.6,152.56
2024-08-04 16:19:31.428738,AAPL,148.02,148.99
2024-08-04 16:19:32.428738,AAPL,152.52,153.47
2024-08-04 16:19:33.428738,AAPL,150.15,151.09
2024-08-04 16:19:34.428738,AAPL,150.84,151.66
2024-08-04 16:19:35.428738,AAPL,147.36,148.32
2024-08-04 16:19:36.428738,AAPL,151.97,152.92
2024-08-04 16:19:37.428738,AAPL,150.87,151.89
2024-08-04 16:19:38.428738,AAPL,151.94,153.08
2024-08-04 16:19:39.428738,AAPL,148.19,149.2
2024-08-04 16:19:40.428738,AAPL,148.63,149.63
2024-08-04 16:19:41.428738,AAPL,154.09,155.14
2024-08-04 16:19:42.428738,AAPL,147.48,148.36
2024-08-04 16:19:43.428738,AAPL,149.07,150.48
2024-08-04 16:19:44.428738,AAPL,151.83,152.79
2024-08-04 16:19:45.428738,AAPL,149.68,150.81
2024-08-04 16:19:46.428738,AAPL,150.64,151.61
2024-08-04 16:19:47.428738,AAPL,148.68,149.56
2024-08-04 16:19:48.428738,AAPL,150.44,151.16
2024-08-04 16:19:49.428738,AAPL,147.03,147.86
2024-08-04 16:19:50.428738,AAPL,152.87,153.77
2024-08-04 16:19:51.428738,AAPL,149.23,150.39
2024-08-04 16:19:52.428738,AAPL,148.15,149.13
2024-08-04 16:19:53.428738,AAPL,150.93,151.88
2024-08-04 16:19:54.428738,AAPL,148.71,149.58
2024-08-04 16:19:55.428738,AAPL,146.87,147.79
2024-08-04 16:19:56.428738,AAPL,146.86,147.81
2024-08-04 16:19:57.428738,AAPL,150.84,152.06
2024-08-04 16:19:58.428738,AAPL,149.21,150.1
2024-08-04 16:19:59.428738,AAPL,149.17,150.31
2024-08-04 16:20:00.428738,AAPL,151.72,152.56
2024-08-04 16:20:01.428738,AAPL,147.28,148.2
2024-08-04 16:20:02.428738,AAPL,148.07,149.04
2024-08-04 16:20:03.428738,AAPL,148.81,149.76
2024-08-04 16:20:04.428738,AAPL,149.63,150.84
2024-08-04 16:20:05.428738,AAPL,149.5,150.41
2024-08-04 16:20:06.428738,AAPL,148.98,149.85
2024-08-04 16:20:07.428738,AAPL,149.39,150.45
2024-08-04 16:20:08.428738,AAPL,149.42,150.25
2024-08-04 16:20:09.428738,AAPL,148.09,149.08
2024-08-04 16:20:10.428738,AAPL,147.94,148.86
2024-08-04 16:20:11.428738,AAPL,150.09,150.86
2024-08-04 16:20:12.428738,AAPL,147.73,148.77
2024-08-04 16:20:13.428738,AAPL,147.27,148.25
2024-08-04 16:20:14.428738,AAPL,148.9,149.97
2024-08-04 16:20:15.428738,AAPL,149.05,150.36
2024-08-04 16:20:16.428738,AAPL,154.01,154.89
2024-08-04 16:20:17.428738,AAPL,147.98,149.14
2024-08-04 16:20:18.428738,AAPL,151.36,152.43
2024-08-04 16:20:19.428738,AAPL,150.91,151.95
2024-08-04 16:20:20.428738,AAPL,147.2,148.16
2024-08-04 16:20:21.428738,AAPL,151.04,152.1
2024-08-04 16:20:22.428738,AAPL,147.12,148.01
2024-08-04 16:20:23.428738,AAPL,144.24,145.2
2024-08-04 16:20:24.428738,AAPL,150.79,151.62
2024-08-04 16:20:25.428738,AAPL,146.14,146.92
2024-08-04 16:20:26.428738,AAPL,150.25,151.22
2024-08-04 16:20:27.428738,AAPL,148.23,149.08
2024-08-04 16:20:28.428738,AAPL,152.69,153.8
2024-08-04 16:20:29.428738,AAPL,151.69,152.69
2024-08-04 16:20:30.428738,AAPL,148.68,149.59
2024-08-04 16:20:31.428738,AAPL,148.06,148.97
2024-08-04 16:20:32.428738,AAPL,147.13,148.16
2024-08-04 16:20:33.428738,AAPL,148.56,149.61
2024-08-04 16:20:34.428738,AAPL,148.97,149.99
2024-08-04 16:20:35.428738,AAPL,148.72,149.87
2024-08-04 16:20:36.428738,AAPL,149.91,150.95
2024-08-04 16:20:37.428738,AAPL,150.58,151.86
2024-08-04 16:20:38.428738,AAPL,150.15,151.19
2024-08-04 16:20:39.428738,AAPL,148.06,149.0
2024-08-04 16:20:40.428738,AAPL,146.36,147.51
2024-08-04 16:20:41.428738,AAPL,152.18,153.34
2024-08-04 16:20:42.428738,AAPL,147.89,149.0
2024-08-04 16:20:43.428738,AAPL,148.04,149.02
2024-08-04 16:20:44.428738,AAPL,148.48,149.54
2024-08-04 16:20:45.428738,AAPL,145.85,146.76
2024-08-04 16:20:46.428738,AAPL,148.58,149.62
2024-08-04 16:20:47.428738,AAPL,148.72,149.58
2024-08-04 16:20:48.428738,AAPL,150.81,151.58
2024-08-04 16:20:49.428738,AAPL,150.88,151.63
2024-08-04 16:20:50.428738,AAPL,149.36,150.4
2024-08-04 16:20:51.428738,AAPL,151.44,152.36
2024-08-04 16:20:52.428738,AAPL,150.09,151.06
2024-08-04 16:20:53.428738,AAPL,149.6,150.4
2024-08-04 16:20:54.428738,AAPL,149.88,150.67
2024-08-04 16:20:55.428738,AAPL,149.17,150.14
2024-08-04 16:20:56.428738,AAPL,148.67,149.72
2024-08-04 16:20:57.428738,AAPL,148.91,149.91
2024-08-04 16:20:58.428738,AAPL,147.14,148.38
2024-08-04 16:20:59.428738,AAPL,149.98,151.21
2024-08-04 16:21:00.428738,AAPL,147.49,148.57
2024-08-04 16:21:01.428738,AAPL,151.14,152.0
2024-08-04 16:21:02.428738,AAPL,148.84,149.89
2024-08-04 16:21:03.428738,AAPL,149.65,150.64
2024-08-04 16:21:04.428738,AAPL,150.41,151.43
2024-08-04 16:21:05.428738,AAPL,150.97,151.74
2024-08-04 16:21:06.428738,AAPL,146.32,147.45
2024-08-04 16:21:07.428738,AAPL,149.14,150.14
2024-08-04 16:21:08.428738,AAPL,151.26,152.39
2024-08-04 16:21:09.428738,AAPL,146.0,147.06
2024-08-04 16:21:10.428738,AAPL,150.25,151.41
2024-08-04 16:21:11.428738,AAPL,144.9,145.93
2024-08-04 16:21:12.428738,AAPL,147.3,148.6
2024-08-04 16:21:13.428738,AAPL,149.54,150.59
2024-08-04 16:21:14.428738,AAPL,146.07,147.1
2024-08-04 16:21:15.428738,AAPL,147.56,148.37
2024-08-04 16:21:16.428738,AAPL,146.56,147.53
2024-08-04 16:21:17.428738,AAPL,152.85,153.77
2024-08-04 16:21:18.428738,AAPL,149.73,150.92
2024-08-04 16:21:19.428738,AAPL,150.59,151.62
2024-08-04 16:21:20.428738,AAPL,149.1,150.01
2024-08-04 16:21:21.428738,AAPL,148.77,149.9
2024-08-04 16:21:22.428738,AAPL,146.17,147.25
2024-08-04 16:21:23.428738,AAPL,148.92,149.86
2024-08-04 16:21:24.428738,AAPL,148.07,149.04
2024-08-04 16:21:25.428738,AAPL,151.21,152.17
2024-08-04 16:21:26.428738,AAPL,151.98,152.85
2024-08-04 16:21:27.428738,AAPL,152.35,153.37
2024-08-04 16:21:28.428738,AAPL,151.25,152.19
2024-08-04 16:21:29.428738,AAPL,148.35,149.32
2024-08-04 16:21:30.428738,AAPL,147.18,148.23
2024-08-04 16:21:31.428738,AAPL,151.17,152.03
2024-08-04 16:21:32.428738,AAPL,150.02,151.29
2024-08-04 16:21:33.428738,AAPL,146.01,147.0
2024-08-04 16:21:34.428738,AAPL,150.26,151.26
2024-08-04 16:21:35.428738,AAPL,151.03,152.07
2024-08-04 16:21:36.428738,AAPL,149.55,150.71
2024-08-04 16:21:37.428738,AAPL,148.88,150.2
2024-08-04 16:21:38.428738,AAPL,147.9,148.98
2024-08-04 16:21:39.428738,AAPL,146.62,147.54
2024-08-04 16:21:40.428738,AAPL,151.25,152.08
2024-08-04 16:21:41.428738,AAPL,148.91,149.94
2024-08-04 16:21:42.428738,AAPL,149.1,149.97
2024-08-04 16:21:43.428738,AAPL,153.01,153.95
2024-08-04 16:21:44.428738,AAPL,151.04,152.06
2024-08-04 16:21:45.428738,AAPL,150.07,151.44
2024-08-04 16:21:46.428738,AAPL,149.92,150.9
2024-08-04 16:21:47.428738,AAPL,152.82,153.63
2024-08-04 16:21:48.428738,AAPL,153.06,153.84
2024-08-04 16:21:49.428738,AAPL,151.42,152.41
2024-08-04 16:21:50.428738,AAPL,150.77,151.62
2024-08-04 16:21:51.428738,AAPL,145.2,146.2
2024-08-04 16:21:52.428738,AAPL,149.76,150.7
2024-08-04 16:21:53.428738,AAPL,149.24,150.25
2024-08-04 16:21:54.428738,AAPL,149.63,150.64
2024-08-04 16:21:55.428738,AAPL,151.36,152.33
2024-08-04 16:21:56.428738,AAPL,143.92,145.1
2024-08-04 16:21:57.428738,AAPL,148.47,149.37
2024-08-04 16:21:58.428738,AAPL,150.09,151.06
2024-08-04 16:21:59.428738,AAPL,148.5,149.58
2024-08-04 16:22:00.428738,AAPL,146.92,147.6
2024-08-04 16:22:01.428738,AAPL,151.38,152.1
2024-08-04 16:22:02.428738,AAPL,150.0,151.08
2024-08-04 16:22:03.428738,AAPL,147.61,148.51
2024-08-04 16:22:04.428738,AAPL,150.04,150.93
2024-08-04 16:22:05.428738,AAPL,151.06,152.1
2024-08-04 16:22:06.428738,AAPL,149.63,150.4
2024-08-04 16:22:07.428738,AAPL,151.06,152.17
2024-08-04 16:22:08.428738,AAPL,149.54,150.71
2024-08-04 16:22:09.428738,AAPL,148.7,149.76
2024-08-04 16:22:10.428738,AAPL,147.28,148.11
2024-08-04 16:22:11.428738,AAPL,149.24,150.4
2024-08-04 16:22:12.428738,AAPL,149.83,150.92
2024-08-04 16:22:13.428738,AAPL,151.2,152.21
2024-08-04 16:22:14.428738,AAPL,149.2,150.22
2024-08-04 16:22:15.428738,AAPL,150.71,151.5
2024-08-04 16:22:16.428738,AAPL,147.48,148.52
2024-08-04 16:22:17.428738,AAPL,147.75,148.96
2024-08-04 16:22:18.428738,AAPL,149.24,150.38
2024-08-04 16:22:19.428738,AAPL,147.37,148.58
2024-08-04 16:22:20.428738,AAPL,151.07,152.31
2024-08-04 16:22:21.428738,AAPL,150.4,151.52
2024-08-04 16:22:22.428738,AAPL,149.99,150.91
2024-08-04 16:22:23.428738,AAPL,150.18,151.11
2024-08-04 16:22:24.428738,AAPL,153.62,154.49
2024-08-04 16:22:25.428738,AAPL,148.66,149.73
2024-08-04 16:22:26.428738,AAPL,145.2,146.03
2024-08-04 16:22:27.428738,AAPL,150.04,150.94
2024-08-04 16:22:28.428738,AAPL,149.51,150.41
2024-08-04 16:22:29.428738,AAPL,148.28,149.37
2024-08-04 16:22:30.428738,AAPL,147.46,148.58
2024-08-04 16:22:31.428738,AAPL,148.68,149.66
2024-08-04 16:22:32.428738,AAPL,149.9,150.73
2024-08-04 16:22:33.428738,AAPL,148.48,149.61
2024-08-04 16:22:34.428738,AAPL,154.39,155.11
2024-08-04 16:22:35.428738,AAPL,147.57,148.52
2024-08-04 16:22:36.428738,AAPL,147.83,149.01
2024-08-04 16:22:37.428738,AAPL,144.92,145.8
2024-08-04 16:22:38.428738,AAPL,149.97,151.04
2024-08-04 16:22:39.428738,AAPL,145.38,146.34
2024-08-04 16:22:40.428738,AAPL,148.45,149.41
2024-08-04 16:22:41.428738,AAPL,148.92,149.72
2024-08-04 16:22:42.428738,AAPL,148.11,149.0
2024-08-04 16:22:43.428738,AAPL,152.98,153.83
2024-08-04 16:22:44.428738,AAPL,151.52,152.45
2024-08-04 16:22:45.428738,AAPL,152.19,153.1
2024-08-04 16:22:46.428738,AAPL,147.72,148.67
2024-08-04 16:22:47.428738,AAPL,151.7,152.84
2024-08-04 16:22:48.428738,AAPL,150.48,151.4
2024-08-04 16:22:49.428738,AAPL,150.99,152.1
2024-08-04 16:22:50.428738,AAPL,151.63,152.72
2024-08-04 16:22:51.428738,AAPL,147.8,148.69
2024-08-04 16:22:52.428738,AAPL,148.61,149.56
2024-08-04 16:22:53.428738,AAPL,151.16,152.11
2024-08-04 16:22:54.428738,AAPL,144.19,145.12
2024-08-04 16:22:55.428738,AAPL,152.4,153.6
2024-08-04 16:22:56.428738,AAPL,150.52,151.63
2024-08-04 16:22:57.428738,AAPL,149.14,150.5
2024-08-04 16:22:58.428738,AAPL,149.96,151.02
2024-08-04 16:22:59.428738,AAPL,147.54,148.45
2024-08-04 16:23:00.428738,AAPL,148.87,149.85
2024-08-04 16:23:01.428738,AAPL,151.76,152.89
2024-08-04 16:23:02.428738,AAPL,152.05,153.24
2024-08-04 16:23:03.428738,AAPL,155.11,155.86
2024-08-04 16:23:04.428738,AAPL,149.22,150.45
2024-08-04 16:23:05.428738,AAPL,148.2,149.24
2024-08-04 16:23:06.428738,AAPL,148.49,149.58
2024-08-04 16:23:07.428738,AAPL,147.57,148.53
2024-08-04 16:23:08.428738,AAPL,149.35,150.24
2024-08-04 16:23:09.428738,AAPL,150.27,151.11
2024-08-04 16:23:10.428738,AAPL,149.44,150.49
2024-08-04 16:23:11.428738,AAPL,151.66,152.88
2024-08-04 16:23:12.428738,AAPL,149.09,149.95
2024-08-04 16:23:13.428738,AAPL,148.9,149.79
2024-08-04 16:23:14.428738,AAPL,148.29,149.24
2024-08-04 16:23:15.428738,AAPL,146.22,147.35
2024-08-04 16:23:16.428738,AAPL,146.34,147.13
2024-08-04 16:23:17.428738,AAPL,147.03,147.91
2024-08-04 16:23:18.428738,AAPL,152.2,153.14
2024-08-04 16:23:19.428738,AAPL,151.38,152.28
2024-08-04 16:23:20.428738,AAPL,152.12,153.2
2024-08-04 16:23:21.428738,AAPL,146.99,147.81
2024-08-04 16:23:22.428738,AAPL,145.69,146.61
2024-08-04 16:23:23.428738,AAPL,148.1,149.14
2024-08-04 16:23:24.428738,AAPL,149.83,150.74
2024-08-04 16:23:25.428738,AAPL,150.49,151.41
2024-08-04 16:23:26.428738,AAPL,151.61,152.69
2024-08-04 16:23:27.428738,AAPL,150.07,151.02
2024-08-04 16:23:28.428738,AAPL,153.0,153.85
2024-08-04 16:23:29.428738,AAPL,148.91,150.06
2024-08-04 16:23:30.428738,AAPL,147.71,148.72
2024-08-04 16:23:31.428738,AAPL,146.16,147.27
2024-08-04 16:23:32.428738,AAPL,147.54,148.74
2024-08-04 16:23:33.428738,AAPL,149.98,150.91
2024-08-04 16:23:34.428738,AAPL,147.5,148.77
2024-08-04 16:23:35.428738,AAPL,151.38,152.44
2024-08-04 16:23:36.428738,AAPL,152.18,153.32
2024-08-04 16:23:37.428738,AAPL,144.93,145.76
2024-08-04 16:23:38.428738,AAPL,151.21,152.26
2024-08-04 16:23:39.428738,AAPL,145.18,146.01
2024-08-04 16:23:40.428738,AAPL,150.22,151.33
2024-08-04 16:23:41.428738,AAPL,152.07,152.85
2024-08-04 16:23:42.428738,AAPL,149.6,150.51
2024-08-04 16:23:43.428738,AAPL,146.97,147.86
2024-08-04 16:23:44.428738,AAPL,148.45,149.39
2024-08-04 16:23:45.428738,AAPL,149.14,150.01
2024-08-04 16:23:46.428738,AAPL,149.19,150.24
2024-08-04 16:23:47.428738,AAPL,148.92,150.07
2024-08-04 16:23:48.428738,AAPL,149.31,150.17
2024-08-04 16:23:49.428738,AAPL,149.84,151.04
2024-08-04 16:23:50.428738,AAPL,147.09,148.08
2024-08-04 16:23:51.428738,AAPL,148.93,150.15
2024-08-04 16:23:52.428738,AAPL,152.72,153.6
2024-08-04 16:23:53.428738,AAPL,148.77,149.95
2024-08-04 16:23:54.428738,AAPL,148.52,149.59
2024-08-04 16:23:55.428738,AAPL,151.68,152.75
2024-08-04 16:23:56.428738,AAPL,144.39,145.47
2024-08-04 16:23:57.428738,AAPL,151.9,152.8
2024-08-04 16:23:58.428738,AAPL,148.13,149.22
2024-08-04 16:23:59.428738,AAPL,149.8,150.68
2024-08-04 16:24:00.428738,AAPL,149.69,150.54
2024-08-04 16:24:01.428738,AAPL,151.32,152.39
2024-08-04 16:24:02.428738,AAPL,148.9,150.04
2024-08-04 16:24:03.428738,AAPL,148.12,149.2
2024-08-04 16:24:04.428738,AAPL,151.95,153.13
2024-08-04 16:24:05.428738,AAPL,144.78,145.86
2024-08-04 16:24:06.428738,AAPL,149.51,150.48
2024-08-04 16:24:07.428738,AAPL,146.86,147.77
2024-08-04 16:24:08.428738,AAPL,147.96,149.05
2024-08-04 16:24:09.428738,AAPL,153.36,154.56
2024-08-04 16:24:10.428738,AAPL,149.47,150.39
2024-08-04 16:24:11.428738,AAPL,150.0,151.02
2024-08-04 16:24:12.428738,AAPL,145.84,146.81
2024-08-04 16:24:13.428738,AAPL,148.05,148.99
2024-08-04 16:24:14.428738,AAPL,149.88,150.86
2024-08-04 16:24:15.428738,AAPL,150.21,151.29
2024-08-04 16:24:16.428738,AAPL,150.72,151.73
2024-08-04 16:24:17.428738,AAPL,149.43,150.39
2024-08-04 16:24:18.428738,AAPL,150.63,151.6
2024-08-04 16:24:19.428738,AAPL,150.51,151.52
2024-08-04 16:24:20.428738,AAPL,145.83,146.91
2024-08-04 16:24:21.428738,AAPL,149.73,150.63
2024-08-04 16:24:22.428738,AAPL,151.18,151.85
2024-08-04 16:24:23.428738,AAPL,150.49,151.59
2024-08-04 16:24:24.428738,AAPL,148.69,149.82
2024-08-04 16:24:25.428738,AAPL,147.89,148.88
2024-08-04 16:24:26.428738,AAPL,147.14,148.31
2024-08-04 16:24:27.428738,AAPL,149.34,150.11
2024-08-04 16:24:28.428738,AAPL,151.8,152.76
2024-08-04 16:24:29.428738,AAPL,145.54,146.46
2024-08-04 16:24:30.428738,AAPL,148.09,148.98
2024-08-04 16:24:31.428738,AAPL,147.17,148.25
2024-08-04 16:24:32.428738,AAPL,151.32,152.15
2024-08-04 16:24:33.428738,AAPL,148.49,149.41
2024-08-04 16:24:34.428738,AAPL,148.51,149.56
2024-08-04 16:24:35.428738,AAPL,149.11,149.91
2024-08-04 16:24:36.428738,AAPL,150.14,151.49
2024-08-04 16:24:37.428738,AAPL,148.63,149.72
2024-08-04 16:24:38.428738,AAPL,143.35,144.61
2024-08-04 16:24:39.428738,AAPL,150.7,151.68
2024-08-04 16:24:40.428738,AAPL,150.38,151.18
2024-08-04 16:24:41.428738,AAPL,149.04,150.14
2024-08-04 16:24:42.428738,AAPL,147.22,148.19
2024-08-04 16:24:43.428738,AAPL,150.11,151.12
2024-08-04 16:24:44.428738,AAPL,150.16,151.23
2024-08-04 16:24:45.428738,AAPL,148.65,149.55
2024-08-04 16:24:46.428738,AAPL,148.93,150.11
2024-08-04 16:24:47.428738,AAPL,147.78,148.54
2024-08-04 16:24:48.428738,AAPL,149.19,150.02
2024-08-04 16:24:49.428738,AAPL,146.36,147.46
2024-08-04 16:24:50.428738,AAPL,150.34,151.33
2024-08-04 16:24:51.428738,AAPL,147.71,148.63
2024-08-04 16:24:52.428738,AAPL,150.06,150.76
2024-08-04 16:24:53.428738,AAPL,146.84,147.67
2024-08-04 16:24:54.428738,AAPL,148.27,149.23
2024-08-04 16:24:55.428738,AAPL,149.15,150.19
2024-08-04 16:24:56.428738,AAPL,146.19,147.27
2024-08-04 16:24:57.428738,AAPL,149.77,150.62
2024-08-04 16:24:58.428738,AAPL,148.89,149.63
2024-08-04 16:24:59.428738,AAPL,145.93,146.99
2024-08-04 16:25:00.428738,AAPL,146.67,147.94
2024-08-04 16:25:01.428738,AAPL,150.89,151.62
2024-08-04 16:25:02.428738,AAPL,151.4,152.41
2024-08-04 16:25:03.428738,AAPL,149.31,150.38
2024-08-04 16:25:04.428738,AAPL,150.37,151.22
2024-08-04 16:25:05.428738,AAPL,149.93,150.93
2024-08-04 16:25:06.428738,AAPL,150.0,151.08
2024-08-04 16:25:07.428738,AAPL,151.97,152.9
2024-08-04 16:25:08.428738,AAPL,146.44,147.52
2024-08-04 16:25:09.428738,AAPL,150.92,151.92
2024-08-04 16:25:10.428738,AAPL,148.85,149.94
2024-08-04 16:25:11.428738,AAPL,149.13,149.96
2024-08-04 16:25:12.428738,AAPL,148.75,150.03
2024-08-04 16:25:13.428738,AAPL,148.76,149.88
2024-08-04 16:25:14.428738,AAPL,147.09,148.07
2024-08-04 16:25:15.428738,AAPL,149.89,150.93
2024-08-04 16:25:16.428738,AAPL,152.76,153.93
2024-08-04 16:25:17.428738,AAPL,149.52,150.59
2024-08-04 16:25:18.428738,AAPL,149.36,150.55
2024-08-04 16:25:19.428738,AAPL,148.11,149.12
2024-08-04 16:25:20.428738,AAPL,149.29,150.18
2024-08-04 16:25:21.428738,AAPL,150.39,151.46
2024-08-04 16:25:22.428738,AAPL,148.74,149.86
2024-08-04 16:25:23.428738,AAPL,148.62,149.61
2024-08-04 16:25:24.428738,AAPL,150.34,151.23
2024-08-04 16:25:25.428738,AAPL,147.75,148.67
2024-08-04 16:25:26.428738,AAPL,149.93,150.99
2024-08-04 16:25:27.428738,AAPL,151.19,152.17
2024-08-04 16:25:28.428738,AAPL,152.32,153.05
2024-08-04 16:25:29.428738,AAPL,149.3,150.38
2024-08-04 16:25:30.428738,AAPL,152.11,153.3
2024-08-04 16:25:31.428738,AAPL,151.57,152.61
2024-08-04 16:25:32.428738,AAPL,147.57,148.51
2024-08-04 16:25:33.428738,AAPL,147.02,147.88
2024-08-04 16:25:34.428738,AAPL,148.7,149.89
2024-08-04 16:25:35.428738,AAPL,151.71,152.67
2024-08-04 16:25:36.428738,AAPL,149.32,150.27
2024-08-04 16:25:37.428738,AAPL,148.28,149.1
2024-08-04 16:25:38.428738,AAPL,152.48,153.45
2024-08-04 16:25:39.428738,AAPL,149.97,151.1
2024-08-04 16:25:40.428738,AAPL,144.88,145.9
2024-08-04 16:25:41.428738,AAPL,150.3,151.22
2024-08-04 16:25:42.428738,AAPL,150.46,151.53
2024-08-04 16:25:43.428738,AAPL,150.03,150.8
2024-08-04 16:25:44.428738,AAPL,150.49,151.32
2024-08-04 16:25:45.428738,AAPL,149.26,150.45
2024-08-04 16:25:46.428738,AAPL,146.95,147.87
2024-08-04 16:25:47.428738,AAPL,148.62,149.82
2024-08-04 16:25:48.428738,AAPL,147.58,148.65
2024-08-04 16:25:49.428738,AAPL,147.6,148.61
2024-08-04 16:25:50.428738,AAPL,146.94,147.95
2024-08-04 16:25:51.428738,AAPL,150.56,151.59
2024-08-04 16:25:52.428738,AAPL,149.88,150.74
2024-08-04 16:25:53.428738,AAPL,148.58,149.59
2024-08-04 16:25:54.428738,AAPL,148.14,149.25
2024-08-04 16:25:55.428738,AAPL,149.44,150.47
2024-08-04 16:25:56.428738,AAPL,151.74,152.44
2024-08-04 16:25:57.428738,AAPL,145.49,146.56
2024-08-04 16:25:58.428738,AAPL,150.26,151.43
2024-08-04 16:25:59.428738,AAPL,148.51,149.33
2024-08-04 16:26:00.428738,AAPL,145.63,146.88
2024-08-04 16:26:01.428738,AAPL,145.78,146.58
2024-08-04 16:26:02.428738,AAPL,147.61,148.7
2024-08-04 16:26:03.428738,AAPL,149.9,151.05
2024-08-04 16:26:04.428738,AAPL,150.19,151.22
2024-08-04 16:26:05.428738,AAPL,147.72,148.74
2024-08-04 16:26:06.428738,AAPL,151.52,152.41
2024-08-04 16:26:07.428738,AAPL,152.13,153.26
2024-08-04 16:26:08.428738,AAPL,150.22,151.23
2024-08-04 16:26:09.428738,AAPL,148.31,149.39
2024-08-04 16:26:10.428738,AAPL,151.7,152.72
2024-08-04 16:26:11.428738,AAPL,151.0,151.86
2024-08-04 16:26:12.428738,AAPL,151.01,152.21
2024-08-04 16:26:13.428738,AAPL,148.09,149.11
2024-08-04 16:26:14.428738,AAPL,143.84,144.9
2024-08-04 16:26:15.428738,AAPL,153.7,154.7
2024-08-04 16:26:16.428738,AAPL,146.32,147.29
2024-08-04 16:26:17.428738,AAPL,149.31,150.39
2024-08-04 16:26:18.428738,AAPL,154.4,155.3
2024-08-04 16:26:19.428738,AAPL,150.32,151.14
2024-08-04 16:26:20.428738,AAPL,151.25,152.43
2024-08-04 16:26:21.428738,AAPL,146.28,147.24
2024-08-04 16:26:22.428738,AAPL,145.89,146.95
2024-08-04 16:26:23.428738,AAPL,148.42,149.47
2024-08-04 16:26:24.428738,AAPL,151.61,152.66
2024-08-04 16:26:25.428738,AAPL,148.87,149.88
2024-08-04 16:26:26.428738,AAPL,147.89,148.98
2024-08-04 16:26:27.428738,AAPL,149.9,151.03
2024-08-04 16:26:28.428738,AAPL,151.6,152.67
2024-08-04 16:26:29.428738,AAPL,146.77,147.42
2024-08-04 16:26:30.428738,AAPL,147.13,147.85
2024-08-04 16:26:31.428738,AAPL,147.84,148.76
2024-08-04 16:26:32.428738,AAPL,151.76,152.69
2024-08-04 16:26:33.428738,AAPL,150.07,150.95
2024-08-04 16:26:34.428738,AAPL,153.56,154.79
2024-08-04 16:26:35.428738,AAPL,151.37,152.31
2024-08-04 16:26:36.428738,AAPL,149.49,150.36
2024-08-04 16:26:37.428738,AAPL,152.2,153.09
2024-08-04 16:26:38.428738,AAPL,149.85,150.99
2024-08-04 16:26:39.428738,AAPL,148.02,149.06
2024-08-04 16:26:40.428738,AAPL,150.89,151.86
2024-08-04 16:26:41.428738,AAPL,148.22,149.15
2024-08-04 16:26:42.428738,AAPL,148.92,149.97
2024-08-04 16:26:43.428738,AAPL,152.24,153.05
2024-08-04 16:26:44.428738,AAPL,149.39,150.23
2024-08-04 16:26:45.428738,AAPL,147.9,148.77
2024-08-04 16:26:46.428738,AAPL,148.68,149.52
2024-08-04 16:26:47.428738,AAPL,151.52,152.62
2024-08-04 16:26:48.428738,AAPL,148.33,149.44
2024-08-04 16:26:49.428738,AAPL,148.81,149.62
2024-08-04 16:26:50.428738,AAPL,148.62,149.53
2024-08-04 16:26:51.428738,AAPL,149.71,150.88
2024-08-04 16:26:52.428738,AAPL,148.82,149.68
2024-08-04 16:26:53.428738,AAPL,146.37,147.16
2024-08-04 16:26:54.428738,AAPL,147.71,148.71
2024-08-04 16:26:55.428738,AAPL,147.57,148.7
2024-08-04 16:26:56.428738,AAPL,152.02,152.77
2024-08-04 16:26:57.428738,AAPL,151.08,152.09
2024-08-04 16:26:58.428738,AAPL,150.71,151.9
2024-08-04 16:26:59.428738,AAPL,148.59,149.56
2024-08-04 16:27:00.428738,AAPL,147.73,148.9
2024-08-04 16:27:01.428738,AAPL,148.23,149.41
2024-08-04 16:27:02.428738,AAPL,147.23,148.33
2024-08-04 16:27:03.428738,AAPL,154.48,155.48
2024-08-04 16:27:04.428738,AAPL,144.83,146.17
2024-08-04 16:27:05.428738,AAPL,150.59,151.68
2024-08-04 16:27:06.428738,AAPL,146.98,147.84
2024-08-04 16:27:07.428738,AAPL,149.24,150.41
2024-08-04 16:27:08.428738,AAPL,147.53,148.49
2024-08-04 16:27:09.428738,AAPL,147.24,148.31
2024-08-04 16:27:10.428738,AAPL,147.31,148.16
2024-08-04 16:27:11.428738,AAPL,152.93,153.91
2024-08-04 16:27:12.428738,AAPL,149.41,150.25
2024-08-04 16:27:13.428738,AAPL,147.91,149.07
2024-08-04 16:27:14.428738,AAPL,150.77,151.71
2024-08-04 16:27:15.428738,AAPL,149.73,150.54
2024-08-04 16:27:16.428738,AAPL,151.12,151.84
2024-08-04 16:27:17.428738,AAPL,145.65,146.8
2024-08-04 16:27:18.428738,AAPL,150.13,150.91
2024-08-04 16:27:19.428738,AAPL,151.04,151.96
2024-08-04 16:27:20.428738,AAPL,146.04,147.16
2024-08-04 16:27:21.428738,AAPL,150.31,151.44
2024-08-04 16:27:22.428738,AAPL,153.03,153.86
2024-08-04 16:27:23.428738,AAPL,149.38,150.46
2024-08-04 16:27:24.428738,AAPL,151.12,152.1
2024-08-04 16:27:25.428738,AAPL,150.87,151.92
2024-08-04 16:27:26.428738,AAPL,148.08,148.99
2024-08-04 16:27:27.428738,AAPL,149.45,150.66
2024-08-04 16:27:28.428738,AAPL,146.46,147.57
2024-08-04 16:27:29.428738,AAPL,148.56,149.65
2024-08-04 16:27:30.428738,AAPL,150.03,150.98
2024-08-04 16:27:31.428738,AAPL,151.13,151.9
2024-08-04 16:27:32.428738,AAPL,149.63,150.67
2024-08-04 16:27:33.428738,AAPL,150.92,151.83
2024-08-04 16:27:34.428738,AAPL,147.16,148.19
2024-08-04 16:27:35.428738,AAPL,149.2,150.18
2024-08-04 16:27:36.428738,AAPL,149.48,150.41
2024-08-04 16:27:37.428738,AAPL,153.28,154.1
2024-08-04 16:27:38.428738,AAPL,148.89,150.15
2024-08-04 16:27:39.428738,AAPL,148.48,149.61
2024-08-04 16:27:40.428738,AAPL,149.64,150.47
2024-08-04 16:27:41.428738,AAPL,147.68,148.68
2024-08-04 16:27:42.428738,AAPL,149.8,150.97
2024-08-04 16:27:43.428738,AAPL,148.77,149.78
2024-08-04 16:27:44.428738,AAPL,145.83,146.82
2024-08-04 16:27:45.428738,AAPL,149.27,150.23
2024-08-04 16:27:46.428738,AAPL,148.82,149.96
2024-08-04 16:27:47.428738,AAPL,146.33,147.29
2024-08-04 16:27:48.428738,AAPL,149.36,150.43
2024-08-04 16:27:49.428738,AAPL,152.48,153.37
2024-08-04 16:27:50.428738,AAPL,150.35,151.56
2024-08-04 16:27:51.428738,AAPL,150.88,151.78
2024-08-04 16:27:52.428738,AAPL,146.83,147.85
2024-08-04 16:27:53.428738,AAPL,150.51,151.38
2024-08-04 16:27:54.428738,AAPL,149.77,150.9
2024-08-04 16:27:55.428738,AAPL,150.8,151.41
2024-08-04 16:27:56.428738,AAPL,150.24,151.44
2024-08-04 16:27:57.428738,AAPL,146.78,147.89
2024-08-04 16:27:58.428738,AAPL,149.6,150.58
2024-08-04 16:27:59.428738,AAPL,148.02,148.95
2024-08-04 16:28:00.428738,AAPL,149.34,150.3
2024-08-04 16:28:01.428738,AAPL,147.87,148.79
2024-08-04 16:28:02.428738,AAPL,152.12,153.05
2024-08-04 16:28:03.428738,AAPL,147.89,148.78
2024-08-04 16:28:04.428738,AAPL,147.76,148.67
2024-08-04 16:28:05.428738,AAPL,149.65,150.56
2024-08-04 16:28:06.428738,AAPL,147.33,148.38
2024-08-04 16:28:07.428738,AAPL,148.7,149.51
2024-08-04 16:28:08.428738,AAPL,147.81,148.9
2024-08-04 16:28:09.428738,AAPL,152.24,153.22
2024-08-04 16:28:10.428738,AAPL,151.1,151.9
2024-08-04 16:28:11.428738,AAPL,149.25,150.38
2024-08-04 16:28:12.428738,AAPL,148.57,149.76
2024-08-04 16:28:13.428738,AAPL,151.42,152.44
2024-08-04 16:28:14.428738,AAPL,150.37,151.39
2024-08-04 16:28:15.428738,AAPL,150.67,151.26
2024-08-04 16:28:16.428738,AAPL,149.46,150.35
2024-08-04 16:28:17.428738,AAPL,146.16,147.13
2024-08-04 16:28:18.428738,AAPL,149.2,150.43
2024-08-04 16:28:19.428738,AAPL,148.59,149.52
2024-08-04 16:28:20.428738,AAPL,150.82,151.98
2024-08-04 16:28:21.428738,AAPL,151.42,152.47
2024-08-04 16:28:22.428738,AAPL,148.25,149.21
2024-08-04 16:28:23.428738,AAPL,150.52,151.33
2024-08-04 16:28:24.428738,AAPL,153.11,153.93
2024-08-04 16:28:25.428738,AAPL,147.9,149.09
2024-08-04 16:28:26.428738,AAPL,152.93,153.8
2024-08-04 16:28:27.428738,AAPL,147.92,148.75
2024-08-04 16:28:28.428738,AAPL,149.63,150.55
2024-08-04 16:28:29.428738,AAPL,149.56,150.48
2024-08-04 16:28:30.428738,AAPL,149.55,150.57
2024-08-04 16:28:31.428738,AAPL,147.74,148.83
2024-08-04 16:28:32.428738,AAPL,148.35,149.29
2024-08-04 16:28:33.428738,AAPL,148.25,149.11
2024-08-04 16:28:34.428738,AAPL,150.3,151.12
2024-08-04 16:28:35.428738,AAPL,150.16,151.12
2024-08-04 16:28:36.428738,AAPL,153.95,155.0
2024-08-04 16:28:37.428738,AAPL,152.09,153.33
2024-08-04 16:28:38.428738,AAPL,148.47,149.61
2024-08-04 16:28:39.428738,AAPL,150.16,151.07
2024-08-04 16:28:40.428738,AAPL,151.6,152.54
2024-08-04 16:28:41.428738,AAPL,149.59,150.42
2024-08-04 16:28:42.428738,AAPL,149.4,150.4
2024-08-04 16:28:43.428738,AAPL,149.64,150.71
2024-08-04 16:28:44.428738,AAPL,151.33,152.22
2024-08-04 16:28:45.428738,AAPL,147.75,148.91
2024-08-04 16:28:46.428738,AAPL,148.86,149.74
2024-08-04 16:28:47.428738,AAPL,150.46,151.35
2024-08-04 16:28:48.428738,AAPL,150.29,151.11
2024-08-04 16:28:49.428738,AAPL,149.93,151.08
2024-08-04 16:28:50.428738,AAPL,148.71,149.72
2024-08-04 16:28:51.428738,AAPL,151.53,152.4
2024-08-04 16:28:52.428738,AAPL,153.67,154.67
2024-08-04 16:28:53.428738,AAPL,150.45,151.33
2024-08-04 16:28:54.428738,AAPL,149.11,150.23
2024-08-04 16:28:55.428738,AAPL,151.04,152.08
2024-08-04 16:28:56.428738,AAPL,148.55,149.49
2024-08-04 16:28:57.428738,AAPL,147.98,148.98
2024-08-04 16:28:58.428738,AAPL,149.4,150.51
2024-08-04 16:28:59.428738,AAPL,144.32,145.4
2024-08-04 16:29:00.428738,AAPL,147.24,148.19
2024-08-04 16:29:01.428738,AAPL,148.76,149.78
2024-08-04 16:29:02.428738,AAPL,146.78,147.88
2024-08-04 16:29:03.428738,AAPL,147.43,148.41
2024-08-04 16:29:04.428738,AAPL,148.67,149.55
2024-08-04 16:29:05.428738,AAPL,146.07,147.3
2024-08-04 16:29:06.428738,AAPL,148.64,149.7
2024-08-04 16:29:07.428738,AAPL,148.48,149.33
2024-08-04 16:29:08.428738,AAPL,149.56,150.44
2024-08-04 16:29:09.428738,AAPL,151.88,152.82
2024-08-04 16:29:10.428738,AAPL,149.91,151.08
2024-08-04 16:29:11.428738,AAPL,149.6,150.5
2024-08-04 16:29:12.428738,AAPL,149.81,150.67
2024-08-04 16:29:13.428738,AAPL,149.87,151.1
2024-08-04 16:29:14.428738,AAPL,147.5,148.46
2024-08-04 16:29:15.428738,AAPL,149.21,150.13
2024-08-04 16:29:16.428738,AAPL,150.19,150.96
2024-08-04 16:29:17.428738,AAPL,146.77,147.88
2024-08-04 16:29:18.428738,AAPL,151.3,152.3
2024-08-04 16:29:19.428738,AAPL,151.59,152.74
2024-08-04 16:29:20.428738,AAPL,148.26,149.23
2024-08-04 16:29:21.428738,AAPL,149.09,149.95
2024-08-04 16:29:22.428738,AAPL,147.9,148.72
2024-08-04 16:29:23.428738,AAPL,150.87,151.91
2024-08-04 16:29:24.428738,AAPL,147.45,148.3
2024-08-04 16:29:25.428738,AAPL,149.06,150.12
2024-08-04 16:29:26.428738,AAPL,147.83,148.65
2024-08-04 16:29:27.428738,AAPL,149.5,150.57
2024-08-04 16:29:28.428738,AAPL,145.86,146.89
2024-08-04 16:29:29.428738,AAPL,152.11,153.08
2024-08-04 16:29:30.428738,AAPL,147.63,148.35
2024-08-04 16:29:31.428738,AAPL,149.57,150.66
2024-08-04 16:29:32.428738,AAPL,148.9,149.99
2024-08-04 16:29:33.428738,AAPL,148.06,149.11
2024-08-04 16:29:34.428738,AAPL,147.7,148.69
2024-08-04 16:29:35.428738,AAPL,151.53,152.32
2024-08-04 16:29:36.428738,AAPL,148.31,149.46
2024-08-04 16:29:37.428738,AAPL,150.08,151.15
2024-08-04 16:29:38.428738,AAPL,147.82,148.84
2024-08-04 16:29:39.428738,AAPL,148.38,149.31
2024-08-04 16:29:40.428738,AAPL,150.26,151.58
2024-08-04 16:29:41.428738,AAPL,151.4,152.46
2024-08-04 16:29:42.428738,AAPL,149.1,150.31
2024-08-04 16:29:43.428738,AAPL,146.64,147.79
2024-08-04 16:29:44.428738,AAPL,153.53,154.65
2024-08-04 16:29:45.428738,AAPL,147.62,148.95
2024-08-04 16:29:46.428738,AAPL,146.58,147.44
2024-08-04 16:29:47.428738,AAPL,154.66,155.65
2024-08-04 16:29:48.428738,AAPL,148.6,149.46
2024-08-04 16:29:49.428738,AAPL,146.58,147.45
2024-08-04 16:29:50.428738,AAPL,148.14,149.09
2024-08-04 16:29:51.428738,AAPL,150.25,151.2
2024-08-04 16:29:52.428738,AAPL,150.0,150.86
2024-08-04 16:29:53.428738,AAPL,147.8,148.7
2024-08-04 16:29:54.428738,AAPL,153.1,153.99
2024-08-04 16:29:55.428738,AAPL,148.45,149.45
2024-08-04 16:29:56.428738,AAPL,147.16,148.11
2024-08-04 16:29:57.428738,AAPL,151.47,152.34
2024-08-04 16:29:58.428738,AAPL,152.19,153.09
2024-08-04 16:29:59.428738,AAPL,147.74,148.78
2024-08-04 16:30:00.428738,AAPL,146.91,147.66
2024-08-04 16:30:01.428738,AAPL,151.56,152.47
2024-08-04 16:30:02.428738,AAPL,145.44,146.54
2024-08-04 16:30:03.428738,AAPL,146.9,148.07
2024-08-04 16:30:04.428738,AAPL,151.42,152.33
2024-08-04 16:30:05.428738,AAPL,149.24,150.36
2024-08-04 16:30:06.428738,AAPL,149.18,149.85
2024-08-04 16:30:07.428738,AAPL,150.16,151.31
2024-08-04 16:30:08.428738,AAPL,149.16,150.33
2024-08-04 16:30:09.428738,AAPL,146.76,148.03
2024-08-04 16:30:10.428738,AAPL,152.21,152.94
2024-08-04 16:30:11.428738,AAPL,152.17,153.14
2024-08-04 16:30:12.428738,AAPL,149.9,150.87
2024-08-04 16:30:13.428738,AAPL,149.64,150.65
2024-08-04 16:30:14.428738,AAPL,154.06,155.08
2024-08-04 16:30:15.428738,AAPL,148.98,149.88
2024-08-04 16:30:16.428738,AAPL,148.78,149.94
2024-08-04 16:30:17.428738,AAPL,150.12,151.25
2024-08-04 16:30:18.428738,AAPL,152.34,153.51
2024-08-04 16:30:19.428738,AAPL,152.63,153.66
2024-08-04 16:30:20.428738,AAPL,149.09,150.05
2024-08-04 16:30:21.428738,AAPL,150.16,151.2
2024-08-04 16:30:22.428738,AAPL,146.68,147.72
2024-08-04 16:30:23.428738,AAPL,148.81,149.76
2024-08-04 16:30:24.428738,AAPL,147.69,148.7
2024-08-04 16:30:25.428738,AAPL,147.54,148.55
2024-08-04 16:30:26.428738,AAPL,152.95,153.81
2024-08-04 16:30:27.428738,AAPL,147.83,148.75
2024-08-04 16:30:28.428738,AAPL,148.52,149.5
2024-08-04 16:30:29.428738,AAPL,150.14,151.24
2024-08-04 16:30:30.428738,AAPL,151.98,152.96
2024-08-04 16:30:31.428738,AAPL,150.41,151.58
2024-08-04 16:30:32.428738,AAPL,155.06,156.1
2024-08-04 16:30:33.428738,AAPL,149.35,150.36
2024-08-04 16:30:34.428738,AAPL,149.96,150.89
2024-08-04 16:30:35.428738,AAPL,150.05,150.91
2024-08-04 16:30:36.428738,AAPL,152.15,153.34
2024-08-04 16:30:37.428738,AAPL,150.61,151.34
2024-08-04 16:30:38.428738,AAPL,149.37,150.31
2024-08-04 16:30:39.428738,AAPL,147.71,148.47
2024-08-04 16:30:40.428738,AAPL,150.05,151.01
2024-08-04 16:30:41.428738,AAPL,152.52,153.27
2024-08-04 16:30:42.428738,AAPL,148.74,149.75
2024-08-04 16:30:43.428738,AAPL,150.63,151.47
2024-08-04 16:30:44.428738,AAPL,149.98,151.02
2024-08-04 16:30:45.428738,AAPL,151.19,152.09
2024-08-04 16:30:46.428738,AAPL,148.01,148.97
2024-08-04 16:30:47.428738,AAPL,154.1,155.18
2024-08-04 16:30:48.428738,AAPL,146.76,147.99
2024-08-04 16:30:49.428738,AAPL,148.79,149.64
2024-08-04 16:30:50.428738,AAPL,151.22,152.43
2024-08-04 16:30:51.428738,AAPL,150.07,151.12
2024-08-04 16:30:52.428738,AAPL,150.96,152.2
2024-08-04 16:30:53.428738,AAPL,148.4,149.54
2024-08-04 16:30:54.428738,AAPL,149.51,150.33
2024-08-04 16:30:55.428738,AAPL,149.52,150.64
2024-08-04 16:30:56.428738,AAPL,152.53,153.62
2024-08-04 16:30:57.428738,AAPL,150.88,151.81
2024-08-04 16:30:58.428738,AAPL,151.09,152.08
2024-08-04 16:30:59.428738,AAPL,148.05,149.08
2024-08-04 16:31:00.428738,AAPL,151.51,152.39
2024-08-04 16:31:01.428738,AAPL,149.95,150.93
2024-08-04 16:31:02.428738,AAPL,152.25,153.24
2024-08-04 16:31:03.428738,AAPL,153.56,154.55
2024-08-04 16:31:04.428738,AAPL,148.89,150.08
2024-08-04 16:31:05.428738,AAPL,148.61,149.75
2024-08-04 16:31:06.428738,AAPL,147.73,148.88
2024-08-04 16:31:07.428738,AAPL,149.29,150.16
2024-08-04 16:31:08.428738,AAPL,148.85,149.68
2024-08-04 16:31:09.428738,AAPL,150.3,151.18
2024-08-04 16:31:10.428738,AAPL,149.21,150.3
2024-08-04 16:31:11.428738,AAPL,148.8,149.57
2024-08-04 16:31:12.428738,AAPL,151.71,152.53
2024-08-04 16:31:13.428738,AAPL,147.68,148.63
2024-08-04 16:31:14.428738,AAPL,150.52,151.35
2024-08-04 16:31:15.428738,AAPL,148.65,149.89
2024-08-04 16:31:16.428738,AAPL,150.95,151.99
2024-08-04 16:31:17.428738,AAPL,152.4,153.2
2024-08-04 16:31:18.428738,AAPL,148.89,149.73
2024-08-04 16:31:19.428738,AAPL,150.25,151.35
2024-08-04 16:31:20.428738,AAPL,149.93,150.73
2024-08-04 16:31:21.428738,AAPL,147.77,148.95
2024-08-04 16:31:22.428738,AAPL,150.01,151.0
2024-08-04 16:31:23.428738,AAPL,150.06,151.11
2024-08-04 16:31:24.428738,AAPL,150.32,151.54
2024-08-04 16:31:25.428738,AAPL,148.96,150.01
2024-08-04 16:31:26.428738,AAPL,149.67,150.67
2024-08-04 16:31:27.428738,AAPL,147.31,148.08
2024-08-04 16:31:28.428738,AAPL,148.91,149.77
